,AF-enriched,SR-enriched
LA - AF up,1.0121906,0.08641119
LA - SR up,0.50674639,4.30607608
RA - AF up,2.50201481,0.3656478
RA - SR up,0.87063756,2.78313609