,AF-enriched,SR-enriched
AFvsSR_AFup,6.38184308,0.87315878
AFvsSR_SRup,0.28475433,16.8685719